8P58,8P5A,8P5B,8P5C,8P5E,8P61,8P62,8P63,8P67,8P7F,8P7H,8P7I,8P7K,8P7M,8P7N,8P7Q,8P7R,8P7S,8P7T,8P7U,8P7V,8P86,8P87,8P8C,8P8H,8P8K,8P8O,8P8P,8P8Q,8P8R,8P8Y,8P8Z,8P90,8P92,8P93,8P94,8P95,8P96,8P9P,8P9Q,8P9S,8P9T,8PA3,8PA4,8PA5,8PA6,8PA7,8PA8,8PA9,8PAA,8PAC,8PAD,8PAF,8PAH,8PAI,8PAL,8PAM,8PAN,8PAO,8PB0,8PB2,8PBE,8PBG,8PBH,8PBI,8PBJ,8PBK,8PBM,8PBN,8PBP,8PBQ,8PBR,8PBS,8PBT,8PBU,8PC4,8PC9,8PCA,8PCB,8PCC,8PCD,8PCE,8PCF,8PCG,8PCH,8PCI,8PCJ,8PCK,8PCL,8PCM,8PCN,8PCO,8PCP,8PCQ,8PCR,8PCS,8PCT,8PCU,8PCV,8PCW
1AR1,1AW0,1B0U,1BCC,1BE3,1BGY,1BMF,1CFF,1COW,1D4O,1DFA,1DJL,1E1Q,1E1R,1E3T,1E79,1EF0,1EFR,1EHK,1EZV,1F48,1F8G,1FFT,1FVQ,1FVS,1FX0,1G29,1GPP,1H8E,1H8H,1HZZ,1IHU,1II0,1II9,1IWC,1IWF,1IWO,1JJ7,1JVA,1JWW,1KB9,1KJU,1KMH,1KQK,1KVI,1KVJ,1KYO,1L0L,1L0N,1L7D,1L7E,1L7V,1LWS,1LWT,1M56,1M57,1M6N,1M74,1MAB,1MHC,1MHS,1MO7,1MO8,1MV5,1MVU,1MWY,1MWZ,1NBM,1NKT,1NL3,1NM5,1NOX,1NTK,1NTM,1NTZ,1NU1,1OCC,1OCO,1OCR,1OCZ,1OHH,1OPZ,1OQ3,1OQ6,1OXS,1OXT,1OXU,1OXV,1OXX,1OZB,1P6T,1P84,1P9R,1P9W,1PIX,1PNO,1PNQ,1PP9,1PPJ,1PT9
7DA2,7DAD,7DAE,7DAF,7DAN,7DAT,7DAU,7DAV,7DB6,7DB9,7DBA,7DBB,7DBC,7DBD,7DBF,7DBG,7DBI,7DBL,7DBM,7DBN,7DC3,7DC9,7DCA,7DCB,7DCG,7DCO,7DCP,7DCQ,7DCR,7DCW,7DCY,7DCZ,7DD3,7DD9,7DDC,7DDE,7DDM,7DDO,7DDP,7DDX,7DDZ,7DEE,7DEL,7DEM,7DEN,7DEQ,7DER,7DEY,7DF4,7DFL,7DFM,7DFN,7DFO,7DFQ,7DFS,7DFT,7DFU,7DFV,7DG6,7DGB,7DGC,7DGF,7DGG,7DGH,7DGI,7DH1,7DH5,7DHA,7DHD,7DHE,7DHF,7DHI,7DHJ,7DHP,7DHR,7DHX,7DI7,7DIA,7DIC,7DID,7DIF,7DIJ,7DIY,7DJJ,7DJK,7DJL,7DJM,7DJR,7DJT,7DK1,7DKB,7DKC,7DKD,7DKE,7DKS,7DKT,7DKU,7DKV,7DKW,7DKX
11BA,11BG,12CA,1A2W,1A42,1A50,1A53,1A5A,1A5B,1A5C,1A5P,1A5Q,1A5S,1A79,1AA1,1AB8,1ACO,1ADO,1AFK,1AFL,1AFU,1AHJ,1AIR,1AJ8,1AK1,1AL6,1ALD,1AM6,1AMI,1AMJ,1AMZ,1AOD,1AOS,1AQ2,1AQP,1AUS,1AUW,1AVN,1AW5,1AW8,1AX4,1AY7,1AYL,1AZM,1AZS,1B0J,1B0K,1B0M,1B2M,1B4E,1B4K,1B57,1B66,1B6R,1B6S,1B6V,1B6Z,1B8F,1B8G,1B93,1B9H,1B9I,1BCD,1BEL,1BEU,1BFD,1BH5,1BIC,1BIR,1BIX,1BK7,1BKS,1BN1,1BN3,1BN4,1BN8,1BNM,1BNN,1BNO,1BNP,1BNQ,1BNT,1BNU,1BNV,1BNW,1BOL,1BOX,1BPB,1BPD,1BPE,1BPX,1BPY,1BPZ,1BQG,1BSR,1BU4,1BV3,1BVI,1BWV,1BXK
4K3Z,4K57,4K5D,4K5E,4K5F,4K5G,4K5H,4K5I,4K5J,4K5K,4K6C,4K6F,4K7I,4K7N,4K7O,4K7V,4K7Y,4K7Z,4K8D,4K8E,4K8H,4K9D,4K9T,4K9U,4K9V,4K9W,4K9X,4KAK,4KB3,4KBN,4KBZ,4KCE,4KCH,4KCI,4KCJ,4KCK,4KCL,4KCM,4KCN,4KCO,4KCP,4KCQ,4KCR,4KCS,4KD7,4KDE,4KDF,4KEB,4KEW,4KEY,4KF0,4KF2,4KFD,4KFE,4KFF,4KFJ,4KGD,4KIA,4KJJ,4KJK,4KJL,4KKY,4KL8,4KL9,4KLX,4KM0,4KM2,4KMS,4KN9,4KNA,4KNE,4KNS,4KNT,4KNU,4KO1,4KO2,4KO3,4KO4,4KOA,4KP7,4KPA,4KPB,4KPR,4KQ8,4KQW,4KQX,4KSZ,4KT0,4KTF,4KTJ,4KTK,4KTL,4KTO,4KUE,4KUG,4KUH,4KUM,4KVJ,4KVK,4KVL
5RE2,5RE3,5RE4,5RE5,5RE6,5RE7,5RE8,5RE9,5REA,5REB,5REC,5RED,5REE,5REF,5REG,5REH,5REI,5REJ,5REK,5REL,5REM,5REN,5REO,5REP,5RER,5RES,5RET,5REU,5REV,5REW,5REX,5REY,5REZ,5RF0,5RF1,5RF2,5RF3,5RF4,5RF5,5RF6,5RF7,5RF8,5RF9,5RFA,5RFB,5RFC,5RFD,5RFE,5RFF,5RFG,5RFH,5RFI,5RFJ,5RFK,5RFL,5RFM,5RFN,5RFO,5RFP,5RFQ,5RFR,5RFS,5RFT,5RFU,5RFV,5RFW,5RFX,5RFY,5RFZ,5RG0,5RG1,5RG2,5RG3,5RG4,5RG5,5RG6,5RG7,5RG8,5RG9,5RGA,5RGB,5RGC,5RGD,5RGE,5RGF,5RGG,5RGH,5RGI,5RGJ,5RGK,5RGL,5RGM,5RGN,5RGO,5RGP,5RGQ,5RGR,5RGS,5RGT,5RGU
8RRJ,8RRY,8RS4,8RS5,8RTG,8RTI,8RTL,8RTM,8RTO,8RTP,8RTQ,8RTR,8RU6,8RU7,8RU9,8RUR,8RUT,8RUV,8RUZ,8RV0,8RV1,8RVU,8RVV,8RVY,8RWK,8RWL,8RWN,8RX4,8RX5,8RX6,8RXI,8RXJ,8RY0,8RY1,8RY3,8RY4,8RY5,8RY6,8RY7,8RY8,8RY9,8RYA,8RYB,8RYH,8RYJ,8RYR,8RYU,8RYV,8RZZ,8S0G,8S0W,8S1L,8S1Z,8S2Q,8S33,8S3F,8S3L,8S4M,8S53,8S5X,8S5Y,8S63,8S64,8S65,8S68,8S69,8S6B,8S6C,8S88,8S8V,8S8Y,8SBI,8SBV,8SBW,8SBX,8SBY,8SBZ,8SC0,8SCC,8SG5,8SGP,8SGR,8SGS,8SGV,8SHS,8SK8,8SKS,8SO1,8SO2,8SPD,8SQO,8SQP,8SQQ,8SQR,8SQT,8SQW,8SR1,8SR2,8SR4,8SR5
4EBL,4EBN,4EBP,4ECA,4ECP,4EE9,4EEH,4EFA,4EFH,4EFJ,4EFL,4EFM,4EFN,4EFS,4EFT,4EFU,4EFZ,4EG2,4EGC,4EGH,4EGI,4EGK,4EHA,4EHD,4EHF,4EHH,4EHI,4EHK,4EHL,4EHN,4EHT,4EHU,4EI7,4EI8,4EI9,4EIA,4EIB,4EIW,4EIX,4EJ4,4EJ5,4EJ8,4EJD,4EJF,4EJK,4EJL,4EJY,4EJZ,4EK7,4EKC,4EKD,4EKF,4EKJ,4EKP,4EKQ,4EKR,4EKS,4EL4,4EL8,4ELC,4EME,4EMF,4EMM,4EMN,4EMP,4EMR,4ENG,4EOB,4EOF,4EOX,4EP2,4EP3,4EP4,4EP5,4EP8,4EPB,4EPC,4EPD,4EPE,4EPI,4EPJ,4EPP,4EPQ,4EPR,4EPT,4EPV,4EPW,4EPX,4EPY,4EQ0,4EQ8,4EQA,4EQE,4EQG,4EQH,4EQI,4EQJ,4EQN,4EQO,4EQP
9F8T,9F9Z,9FA3,9FA6,9FAD,9FAL,9FAY,9FAZ,9FB2,9FBF,9FBI,9FBL,9FBM,9FD2,9FDH,9FDI,9FDN,9FDR,9FDS,9FDT,9FDU,9FDW,9FDX,9FDY,9FEG,9FEH,9FEJ,9FET,9FHD,9FHE,9FHN,9FHO,9FIG,9FIM,9FJ8,9FJF,9FJP,9FJR,9FJS,9FJZ,9FK5,9FKE,9FKG,9FKM,9FKP,9FKR,9FKV,9FKW,9FL4,9FL5,9FL7,9FLB,9FLC,9FLO,9FLQ,9FLR,9FLT,9FM3,9FMD,9FMF,9FMH,9FMI,9FMJ,9FMK,9FMR,9FMV,9FMZ,9FNC,9FNE,9FNJ,9FNN,9FO4,9FOC,9FOE,9FOP,9FOX,9FP0,9FPD,9FPE,9FPX,9FPY,9FPZ,9FQ0,9FQ6,9FQ7,9FQH,9FQI,9FQJ,9FQL,9FQP,9FQR,9FQS,9FR0,9FR1,9FR2,9FRD,9FRM,9FRU,9FS1,9FS2
10GS,10MH,11GS,12GS,13GS,13PK,14GS,16GS,16PK,17GS,18GS,19GS,1A06,1A07,1A08,1A09,1A0B,1A0F,1A0G,1A0N,1A0O,1A1A,1A1B,1A1C,1A1D,1A1E,1A1S,1A25,1A26,1A2N,1A3A,1A3C,1A3G,1A3S,1A3W,1A3X,1A47,1A49,1A4V,1A4X,1A59,1A5T,1A5U,1A5V,1A5W,1A5X,1A69,1A6J,1A7J,1A81,1A8I,1A95,1A96,1A97,1A98,1A9O,1A9P,1A9Q,1A9R,1A9S,1A9T,1A9U,1AAM,1AAT,1AAW,1AB2,1ABB,1ABO,1ABQ,1ACM,1AD1,1AD4,1AD5,1ADN,1AE9,1AER,1AF7,1AFW,1AGS,1AGW,1AH5,1AHE,1AHF,1AHG,1AHP,1AHX,1AHY,1AIA,1AIB,1AIC,1AIH,1AIQ,1AJ0,1AJ2,1AJ8,1AJM,1AJR,1AJS,1AJZ,1AK2
6XDQ,6XDR,6XE4,6XEP,6XEZ,6XF8,6XFI,6XFP,6XGF,6XGU,6XGV,6XH7,6XH8,6XHA,6XHB,6XHP,6XHQ,6XHR,6XHS,6XHT,6XI2,6XI4,6XI5,6XI7,6XI8,6XI9,6XIG,6XIH,6XII,6XIJ,6XIO,6XJD,6XJK,6XK2,6XKA,6XKB,6XKG,6XKM,6XL4,6XL5,6XL8,6XL9,6XLJ,6XLL,6XLM,6XLN,6XLO,6XNJ,6XNX,6XNY,6XNZ,6XOD,6XOG,6XOH,6XOI,6XP4,6XP7,6XP9,6XPB,6XPC,6XPS,6XPT,6XPU,6XPV,6XPW,6XQB,6XR4,6XR6,6XR7,6XRE,6XRG,6XRL,6XRM,6XRN,6XUY,6XV1,6XV6,6XV9,6XVA,6XVB,6XVG,6XVJ,6XVK,6XVM,6XVN,6XVO,6XVW,6XWE,6XX2,6XX3,6XX4,6XX5,6XX6,6XX7,6XX8,6XX9,6XXG,6XXH,6XXI,6XXJ
101M,102M,103M,104M,105M,106M,107M,108M,109M,110M,111M,112M,1A05,1A27,1A2F,1A2G,1A2V,1A4E,1A4I,1A4S,1A4U,1A4Z,1A5Z,1A65,1A6G,1A6K,1A6M,1A6N,1A71,1A72,1A7K,1A7U,1A80,1A88,1A8P,1A8Q,1A8S,1A8U,1AA4,1AA6,1ABN,1ABS,1AC4,1AC8,1AD3,1ADB,1ADC,1ADF,1ADG,1ADS,1AE1,1AE4,1AEB,1AED,1AEE,1AEF,1AEG,1AEH,1AEJ,1AEK,1AEM,1AEN,1AEO,1AEQ,1AES,1AET,1AEU,1AEV,1AFR,1AFS,1AFT,1AG8,1AGN,1AH0,1AH3,1AH4,1AHH,1AHI,1AHU,1AHV,1AHZ,1AI2,1AI3,1AI9,1AJG,1AJH,1AK5,1AKD,1AL7,1AL8,1ALG,1AMO,1AN9,1AO8,1AOE,1AOF,1AOG,1AOM,1AOP,1AOQ
3FQH,3FQK,3FQL,3FQS,3FR0,3FR3,3FR6,3FR9,3FRC,3FRH,3FRI,3FRO,3FRZ,3FS2,3FSF,3FSH,3FSI,3FSK,3FSL,3FSX,3FSY,3FTC,3FTD,3FTE,3FTF,3FTT,3FUC,3FUP,3FUR,3FUT,3FUU,3FUV,3FUW,3FUX,3FV8,3FVH,3FVS,3FVU,3FVX,3FWK,3FWL,3FWP,3FWQ,3FWW,3FXV,3FXW,3FXX,3FXZ,3FY0,3FY2,3FYC,3FYD,3FYG,3FYJ,3FYK,3FYO,3FYP,3FZ1,3FZG,3FZO,3FZP,3FZR,3FZS,3FZT,3G03,3G06,3G0E,3G0F,3G0Y,3G11,3G15,3G1N,3G25,3G2F,3G2G,3G2H,3G2I,3G2J,3G2K,3G2L,3G2N,3G2X,3G33,3G3D,3G3M,3G3Q,3G3R,3G3T,3G3U,3G4A,3G4C,3G51,3G59,3G5A,3G5D,3G5Q,3G5R,3G5S,3G5T,3G5V
1A0C,1A0D,1A0E,1A31,1A33,1A35,1A36,1A41,1A58,1A7X,1A9Y,1A9Z,1AB4,1AG1,1AJ6,1AK4,1AM2,1AMK,1AMU,1AON,1AW1,1AW2,1AWQ,1AWR,1AWS,1AWT,1AWU,1AWV,1B0Z,1B1A,1B4V,1B6C,1B73,1B74,1B79,1B8S,1B9B,1B9L,1BCK,1BD0,1BE1,1BGW,1BHW,1BJP,1BJT,1BJX,1BKF,1BKH,1BL4,1BQ3,1BQ4,1BTM,1BUQ,1BWZ,1BXB,1BXC,1C47,1C4G,1C5F,1C7H,1C7Q,1C7R,1C9H,1CA7,1CB7,1CBO,1CC2,1CCW,1CGQ,1CI1,1CKW,1CKX,1CKY,1CKZ,1CLH,1CLK,1COM,1COY,1CQS,1CSM,1CWA,1CWB,1CWC,1CWF,1CWH,1CWI,1CWJ,1CWK,1CWL,1CWM,1CWO,1CY0,1CY1,1CY2,1CY4,1CY6,1CY7,1CY8,1CY9,1CYN
102L,103L,104L,107L,108L,109L,110L,111L,112L,113L,114L,115L,117E,118L,119L,11BA,11BG,120L,121P,122L,123L,125L,126L,127L,128L,129L,130L,131L,132L,133L,134L,135L,137L,138L,139L,140L,141L,142L,143L,144L,145L,146L,147L,148L,149L,150L,151L,152L,153L,154L,155L,156L,157L,158L,159L,160L,161L,162L,163L,164L,165L,166L,167L,168L,169L,170L,171L,172L,173L,174L,175L,176L,177L,178L,180L,181L,182L,183L,184L,185L,186L,187L,188L,189L,190L,191L,192L,193L,194L,195L,196L,197L,198L,199L,1A0H,1A0J,1A0L,1A14,1A16,1A17
2L48,2L4Z,2L54,2L5C,2L5D,2L5U,2L6K,2L6M,2L75,2L77,2L78,2L79,2L80,2L8A,2L8B,2L8L,2L8R,2L95,2LAA,2LAB,2LBC,2LBM,2LBS,2LC9,2LCB,2LCF,2LCJ,2LCQ,2LD1,2LDI,2LE8,2LEN,2LEP,2LFJ,2LGD,2LGJ,2LGR,2LHI,2LHM,2LIP,2LIZ,2LJH,2LJP,2LKT,2LKV,2LLZ,2LNA,2LNC,2LOB,2LOX,2LOZ,2LPR,2LQB,2LQJ,2LRO,2LRP,2LRR,2LRS,2LS0,2LS6,2LT5,2LTJ,2LTO,2LU1,2LUO,2LUP,2LUQ,2LUW,2LVA,2LVX,2LVZ,2LW1,2LWD,2LWE,2LWF,2LWI,2LXF,2LYD,2LYM,2LYO,2LYZ,2LZ2,2LZH,2LZM,2LZT,2M00,2M0A,2M0Z,2M10,2M17,2M1C,2M2F,2M3D,2M3V,2M45,2M5C,2M5D,2M65,2M73,2M75
5B3A,5B3F,5B4E,5B4F,5B53,5B55,5B5T,5B5W,5B68,5B6A,5B6B,5B6H,5B6I,5B6M,5B6N,5B75,5B76,5B77,5B78,5B7S,5B7U,5B7V,5B87,5B89,5B8D,5B8H,5BJ3,5BJ4,5BJS,5BKH,5BML,5BMM,5BMS,5BNB,5BNE,5BNH,5BNJ,5BNM,5BNR,5BNS,5BNW,5BO2,5BO3,5BO6,5BO7,5BO8,5BO9,5BOL,5BOM,5BP1,5BP2,5BP3,5BP4,5BPC,5BPK,5BPY,5BQ0,5BQ2,5BQG,5BQH,5BQI,5BQO,5BQP,5BQS,5BRD,5BRE,5BRF,5BRH,5BRK,5BRM,5BRN,5BS0,5BS5,5BSB,5BSK,5BT3,5BT8,5BTR,5BUE,5BUF,5BUI,5BUJ,5BV6,5BV7,5BVC,5BVD,5BVE,5BVF,5BVK,5BVN,5BVO,5BVW,5BWJ,5BWL,5BWN,5BWO,5BWR,5BWT,5BWU,5BWV
11AS,12AS,1A0I,1A3S,1A48,1A4I,1A6X,1A82,1A8H,1A9X,1ADE,1ADI,1ADJ,1ADY,1ASY,1ASZ,1ATI,1AYZ,1B04,1B6R,1B6S,1B70,1B76,1B7Y,1B8A,1BBU,1BBW,1BCM,1BCO,1BDO,1BIA,1BIB,1BNC,1BS1,1BS2,1BXR,1BYI,1C0A,1C30,1C3O,1C4Z,1CE8,1CG0,1CG1,1CG3,1CG4,1CH8,1CIB,1CLI,1CQI,1CQJ,1CS0,1CT9,1D2D,1D2R,1D5F,1DAD,1DAE,1DAF,1DAG,1DAH,1DAI,1DAK,1DAM,1DBS,1DGS,1DIA,1DIB,1DIG,1DJ2,1DJ3,1DTS,1DV1,1DV2,1E0D,1E1O,1E1T,1E22,1E24,1E4E,1E8C,1EE1,1EEH,1EFW,1EG7,1EHI,1EIY,1EOV,1EQR,1EQX,1EUC,1EUD,1EUQ,1EUY,1EVK,1EVL,1EXD,1EYZ,1EZ1,1F1H
